<?xml version="1.0" encoding="UTF-8"?>
<project-private xmlns="http://www.netbeans.org/ns/project-private/1">
    <editor-bookmarks xmlns="http://www.netbeans.org/ns/editor-bookmarks/2" lastBookmarkId="0"/>
    <open-files xmlns="http://www.netbeans.org/ns/projectui-open-files/2">
        <group>
            <file>file:/Users/OscarDuarte/Desktop/TeamProjectGUI/src/teamproject/admin.java</file>
            <file>file:/Users/OscarDuarte/Desktop/TeamProjectGUI/src/teamproject/studentMenu.java</file>
            <file>file:/Users/OscarDuarte/Desktop/TeamProjectGUI/src/teamproject/LogIn.java</file>
            <file>file:/Users/OscarDuarte/Desktop/TeamProjectGUI/src/teamproject/adminMenu.java</file>
            <file>file:/Users/OscarDuarte/Desktop/TeamProjectGUI/src/teamproject/student.java</file>
        </group>
    </open-files>
</project-private>
